android.arch.lifecycle.Lifecycle$Event,Android.Arch.Lifecycle.Lifecycle.Event
android.arch.lifecycle.Lifecycle$Event,Android.Arch.Lifecycle.Lifecycle.Event
android.arch.lifecycle.Lifecycle$Event,Android.Arch.Lifecycle.Lifecycle.Event
android.arch.lifecycle.Lifecycle$Event,Android.Arch.Lifecycle.Lifecycle.Event
android.arch.lifecycle.Lifecycle$Event,Android.Arch.Lifecycle.Lifecycle.Event
android.arch.lifecycle.Lifecycle$Event,Android.Arch.Lifecycle.Lifecycle.Event
android.arch.lifecycle.Lifecycle$Event,Android.Arch.Lifecycle.Lifecycle.Event
android.support.v4.provider.FontsContractCompat$FontRequestCallback,Android.Support.V4.Provider.FontsContractCompat.FontRequestCallback
android.support.v4.provider.FontsContractCompat$FontRequestCallback,Android.Support.V4.Provider.FontsContractCompat.FontRequestCallback
android.support.v4.app.JobIntentService$JobServiceEngineImpl,Android.Support.V4.App.JobIntentService.JobServiceEngineImpl
android.support.v4.app.NotificationCompat$Action,Android.Support.V4.App.NotificationCompat.Action
android.support.v4.app.NotificationCompat$Action,Android.Support.V4.App.NotificationCompat.Action
android.support.v4.app.NotificationCompat$Action,Android.Support.V4.App.NotificationCompat.Action
android.support.v4.app.NotificationCompat$Action,Android.Support.V4.App.NotificationCompat.Action
android.support.v4.app.NotificationCompat$Action,Android.Support.V4.App.NotificationCompat.Action
android.support.v4.app.NotificationCompat$Action,Android.Support.V4.App.NotificationCompat.Action
android.support.v4.app.NotificationCompat$CarExtender,Android.Support.V4.App.NotificationCompat.CarExtender
android.support.v4.app.NotificationCompat$CarExtender$UnreadConversation,Android.Support.V4.App.NotificationCompat.CarExtender.UnreadConversation
android.support.v4.app.NotificationCompat$MessagingStyle,Android.Support.V4.App.NotificationCompat.MessagingStyle
android.support.v4.text.PrecomputedTextCompat$Params,Android.Support.V4.Text.PrecomputedTextCompat.Params
androidx.versionedparcelable.VersionedParcel,AndroidX.VersionedParcelable.VersionedParcel
android.support.v7.widget.MenuPopupWindow$MenuDropDownListView,Android.Support.V7.Widget.MenuPopupWindow.MenuDropDownListView
android.support.v7.widget.MenuPopupWindow$MenuDropDownListView,Android.Support.V7.Widget.MenuPopupWindow.MenuDropDownListView
android.support.v7.widget.MenuPopupWindow$MenuDropDownListView,Android.Support.V7.Widget.MenuPopupWindow.MenuDropDownListView
android.support.v7.widget.MenuPopupWindow$MenuDropDownListView,Android.Support.V7.Widget.MenuPopupWindow.MenuDropDownListView
androidx.browser.browseractions.BrowserActionsIntent,AndroidX.Browser.BrowserActions.BrowserActionsIntent
androidx.browser.browseractions.BrowserActionsIntent,AndroidX.Browser.BrowserActions.BrowserActionsIntent
androidx.browser.browseractions.BrowserActionsIntent,AndroidX.Browser.BrowserActions.BrowserActionsIntent
androidx.browser.browseractions.BrowserActionsIntent,AndroidX.Browser.BrowserActions.BrowserActionsIntent
androidx.browser.browseractions.BrowserActionsIntent,AndroidX.Browser.BrowserActions.BrowserActionsIntent
android.support.design.widget.AppBarLayout$BaseBehavior,Android.Support.Design.Widget.AppBarLayout.BaseBehavior
android.support.design.widget.AppBarLayout$BaseBehavior,Android.Support.Design.Widget.AppBarLayout.BaseBehavior
android.support.design.widget.AppBarLayout$BaseBehavior,Android.Support.Design.Widget.AppBarLayout.BaseBehavior
android.support.design.widget.AppBarLayout$Behavior,Android.Support.Design.Widget.AppBarLayout.Behavior
android.support.design.widget.AppBarLayout$Behavior,Android.Support.Design.Widget.AppBarLayout.Behavior
android.support.design.widget.AppBarLayout$LayoutParams,Android.Support.Design.Widget.AppBarLayout.LayoutParams
android.support.design.widget.AppBarLayout$LayoutParams,Android.Support.Design.Widget.AppBarLayout.LayoutParams
android.support.design.widget.BaseTransientBottomBar$BaseCallback,Android.Support.Design.Widget.BaseTransientBottomBar.BaseCallback
android.support.design.widget.BaseTransientBottomBar$BaseCallback,Android.Support.Design.Widget.BaseTransientBottomBar.BaseCallback
android.support.v7.widget.RecyclerView$EdgeEffectFactory,Android.Support.V7.Widget.RecyclerView.EdgeEffectFactory
android.support.v7.widget.RecyclerView$EdgeEffectFactory,Android.Support.V7.Widget.RecyclerView.EdgeEffectFactory
android.support.v7.widget.RecyclerView$ItemAnimator,Android.Support.V7.Widget.RecyclerView.ItemAnimator
android.support.v7.widget.RecyclerView$ItemAnimator,Android.Support.V7.Widget.RecyclerView.ItemAnimator
android.support.v7.widget.RecyclerView$ItemAnimator,Android.Support.V7.Widget.RecyclerView.ItemAnimator
android.support.v7.widget.RecyclerView$ItemAnimator,Android.Support.V7.Widget.RecyclerView.ItemAnimator
android.support.v7.widget.RecyclerView$ItemAnimator,Android.Support.V7.Widget.RecyclerView.ItemAnimator
android.support.v7.widget.RecyclerView$ItemAnimator,Android.Support.V7.Widget.RecyclerView.ItemAnimator
android.support.v7.widget.RecyclerView$LayoutManager,Android.Support.V7.Widget.RecyclerView.LayoutManager
android.support.v7.widget.RecyclerView$LayoutManager,Android.Support.V7.Widget.RecyclerView.LayoutManager
android.support.v7.widget.RecyclerView$LayoutManager,Android.Support.V7.Widget.RecyclerView.LayoutManager
android.support.v7.widget.RecyclerView$RecycledViewPool,Android.Support.V7.Widget.RecyclerView.RecycledViewPool
android.support.v7.widget.RecyclerView$SmoothScroller,Android.Support.V7.Widget.RecyclerView.SmoothScroller
android.support.v7.widget.RecyclerView$SmoothScroller,Android.Support.V7.Widget.RecyclerView.SmoothScroller
android.support.v7.widget.RecyclerView$SmoothScroller,Android.Support.V7.Widget.RecyclerView.SmoothScroller
android.support.v7.widget.StaggeredGridLayoutManager$LazySpanLookup,Android.Support.V7.Widget.StaggeredGridLayoutManager.LazySpanLookup
androidx.heifwriter.HeifEncoder,AndroidX.HeifWriter.HeifEncoder
androidx.heifwriter.HeifEncoder,AndroidX.HeifWriter.HeifEncoder
androidx.heifwriter.HeifEncoder,AndroidX.HeifWriter.HeifEncoder
androidx.heifwriter.HeifEncoder,AndroidX.HeifWriter.HeifEncoder
androidx.heifwriter.HeifEncoder,AndroidX.HeifWriter.HeifEncoder
androidx.heifwriter.HeifWriter,AndroidX.HeifWriter.HeifWriter
androidx.heifwriter.HeifWriter,AndroidX.HeifWriter.HeifWriter
androidx.heifwriter.HeifWriter,AndroidX.HeifWriter.HeifWriter
androidx.heifwriter.HeifWriter,AndroidX.HeifWriter.HeifWriter
androidx.heifwriter.HeifWriter,AndroidX.HeifWriter.HeifWriter
androidx.heifwriter.Texture2dProgram,AndroidX.HeifWriter.Texture2dProgram
androidx.heifwriter.Texture2dProgram,AndroidX.HeifWriter.Texture2dProgram
android.support.v4.media.MediaBrowserCompat$ConnectionCallback,Android.Support.V4.Media.MediaBrowserCompat.ConnectionCallback
android.support.v4.media.MediaBrowserCompat$ConnectionCallback,Android.Support.V4.Media.MediaBrowserCompat.ConnectionCallback
android.support.v4.media.MediaBrowserCompat$MediaItem,Android.Support.V4.Media.MediaBrowserCompat.MediaItem
android.support.v4.media.MediaBrowserCompat$MediaItem,Android.Support.V4.Media.MediaBrowserCompat.MediaItem
android.support.v4.media.session.MediaSessionCompat$MediaSessionImplBase,Android.Support.V4.Media.Session.MediaSessionCompat.MediaSessionImplBase
android.support.v4.media.session.MediaSessionCompat$MediaSessionImplBase,Android.Support.V4.Media.Session.MediaSessionCompat.MediaSessionImplBase
android.support.v4.media.session.PlaybackStateCompat$CustomAction,Android.Support.V4.Media.Session.PlaybackStateCompat.CustomAction
android.support.v17.leanback.app.BackgroundManager$BitmapDrawable,Android.Support.V17.Leanback.App.BackgroundManager.BitmapDrawable
android.support.v17.leanback.app.BrowseFragment$MainFragmentRowsAdapter,Android.Support.V17.Leanback.App.BrowseFragment.MainFragmentRowsAdapter
android.support.v17.leanback.app.BrowseFragment$MainFragmentRowsAdapter,Android.Support.V17.Leanback.App.BrowseFragment.MainFragmentRowsAdapter
android.support.v17.leanback.app.BrowseFragment$MainFragmentRowsAdapter,Android.Support.V17.Leanback.App.BrowseFragment.MainFragmentRowsAdapter
android.support.v17.leanback.app.BrowseFragment$MainFragmentRowsAdapter,Android.Support.V17.Leanback.App.BrowseFragment.MainFragmentRowsAdapter
android.support.v17.leanback.app.BrowseSupportFragment$MainFragmentRowsAdapter,Android.Support.V17.Leanback.App.BrowseSupportFragment.MainFragmentRowsAdapter
android.support.v17.leanback.app.BrowseSupportFragment$MainFragmentRowsAdapter,Android.Support.V17.Leanback.App.BrowseSupportFragment.MainFragmentRowsAdapter
android.support.v17.leanback.app.BrowseSupportFragment$MainFragmentRowsAdapter,Android.Support.V17.Leanback.App.BrowseSupportFragment.MainFragmentRowsAdapter
android.support.v17.leanback.app.BrowseSupportFragment$MainFragmentRowsAdapter,Android.Support.V17.Leanback.App.BrowseSupportFragment.MainFragmentRowsAdapter
android.support.v17.leanback.widget.FullWidthDetailsOverviewRowPresenter$ViewHolder,Android.Support.V17.Leanback.Widget.FullWidthDetailsOverviewRowPresenter.ViewHolder
android.support.v17.leanback.widget.RowPresenter$ViewHolder,Android.Support.V17.Leanback.Widget.RowPresenter.ViewHolder
android.support.v17.leanback.widget.RowPresenter$ViewHolder,Android.Support.V17.Leanback.Widget.RowPresenter.ViewHolder
android.support.v17.leanback.widget.RowPresenter$ViewHolder,Android.Support.V17.Leanback.Widget.RowPresenter.ViewHolder
android.support.v17.leanback.widget.RowPresenter$ViewHolder,Android.Support.V17.Leanback.Widget.RowPresenter.ViewHolder
android.support.v7.media.SystemMediaRouteProvider$LegacyImpl,Android.Support.V7.Media.SystemMediaRouteProvider.LegacyImpl
android.support.v7.media.SystemMediaRouteProvider$LegacyImpl,Android.Support.V7.Media.SystemMediaRouteProvider.LegacyImpl
android.support.v17.preference.LeanbackListPreferenceDialogFragment$ViewHolder,Android.Support.V17.Preferences.Leanback.LeanbackListPreferenceDialogFragment.ViewHolder
android.support.v17.preference.LeanbackListPreferenceDialogFragment$ViewHolder,Android.Support.V17.Preferences.Leanback.LeanbackListPreferenceDialogFragment.ViewHolder
android.support.v17.preference.LeanbackListPreferenceDialogFragment$ViewHolder,Android.Support.V17.Preferences.Leanback.LeanbackListPreferenceDialogFragment.ViewHolder
androidx.recyclerview.selection.BandPredicate,AndroidX.RecyclerView.Selection.BandPredicate
androidx.recyclerview.selection.BandPredicate,AndroidX.RecyclerView.Selection.BandPredicate
androidx.recyclerview.selection.ItemDetailsLookup,AndroidX.RecyclerView.Selection.ItemDetailsLookup
androidx.recyclerview.selection.ItemDetailsLookup,AndroidX.RecyclerView.Selection.ItemDetailsLookup
androidx.recyclerview.selection.ItemKeyProvider,AndroidX.RecyclerView.Selection.ItemKeyProvider
androidx.recyclerview.selection.ItemKeyProvider,AndroidX.RecyclerView.Selection.ItemKeyProvider
androidx.recyclerview.selection.OperationMonitor,AndroidX.RecyclerView.Selection.OperationMonitor
androidx.recyclerview.selection.OperationMonitor,AndroidX.RecyclerView.Selection.OperationMonitor
androidx.recyclerview.selection.OperationMonitor,AndroidX.RecyclerView.Selection.OperationMonitor
androidx.recyclerview.selection.SelectionTracker,AndroidX.RecyclerView.Selection.SelectionTracker
androidx.recyclerview.selection.SelectionTracker,AndroidX.RecyclerView.Selection.SelectionTracker
androidx.recyclerview.selection.SelectionTracker,AndroidX.RecyclerView.Selection.SelectionTracker
androidx.recyclerview.selection.SelectionTracker,AndroidX.RecyclerView.Selection.SelectionTracker
androidx.recyclerview.selection.SelectionTracker,AndroidX.RecyclerView.Selection.SelectionTracker
androidx.slice.builders.GridRowBuilder,AndroidX.Slice.Builders.GridRowBuilder
androidx.slice.builders.ListBuilder,AndroidX.Slice.Builders.ListBuilder
androidx.slice.builders.ListBuilder,AndroidX.Slice.Builders.ListBuilder
androidx.slice.builders.ListBuilder,AndroidX.Slice.Builders.ListBuilder
androidx.slice.builders.ListBuilder,AndroidX.Slice.Builders.ListBuilder
androidx.slice.builders.ListBuilder,AndroidX.Slice.Builders.ListBuilder
androidx.slice.builders.ListBuilder,AndroidX.Slice.Builders.ListBuilder
androidx.slice.builders.ListBuilder,AndroidX.Slice.Builders.ListBuilder
androidx.slice.builders.ListBuilder,AndroidX.Slice.Builders.ListBuilder
androidx.slice.builders.MessagingSliceBuilder,AndroidX.Slice.Builders.MessagingSliceBuilder
androidx.slice.Slice,AndroidX.Slice.Slice
androidx.slice.Slice,AndroidX.Slice.Slice
androidx.slice.Slice,AndroidX.Slice.Slice
androidx.slice.SliceItem,AndroidX.Slice.SliceItem
androidx.slice.SliceItem,AndroidX.Slice.SliceItem
androidx.slice.SliceItem,AndroidX.Slice.SliceItem
androidx.slice.SliceItem,AndroidX.Slice.SliceItem
androidx.slice.core.SliceHints,AndroidX.Slice.Core.SliceHints
androidx.slice.core.SliceHints,AndroidX.Slice.Core.SliceHints
androidx.slice.compat.CompatPermissionManager,AndroidX.Slice.Compat.CompatPermissionManager
androidx.slice.compat.SliceProviderWrapperContainer,AndroidX.Slice.Compat.SliceProviderWrapperContainer
androidx.slice.SliceMetadata,AndroidX.Slice.SliceMetadata
androidx.slice.SliceMetadata,AndroidX.Slice.SliceMetadata
androidx.slice.SliceUtils,AndroidX.Slice.SliceUtils
androidx.slice.SliceUtils,AndroidX.Slice.SliceUtils
androidx.slice.SliceUtils,AndroidX.Slice.SliceUtils
androidx.slice.SliceUtils,AndroidX.Slice.SliceUtils
androidx.slice.SliceUtils,AndroidX.Slice.SliceUtils
androidx.slice.SliceViewManager,AndroidX.Slice.SliceViewManager
androidx.slice.SliceViewManager,AndroidX.Slice.SliceViewManager
androidx.slice.widget.LargeSliceAdapter,AndroidX.Slice.Widget.LargeSliceAdapter
androidx.slice.widget.LargeSliceAdapter,AndroidX.Slice.Widget.LargeSliceAdapter
androidx.slice.widget.LargeSliceAdapter,AndroidX.Slice.Widget.LargeSliceAdapter
androidx.slice.widget.LargeSliceAdapter,AndroidX.Slice.Widget.LargeSliceAdapter
androidx.slice.widget.EventInfo,AndroidX.Slice.Widget.EventInfo
androidx.slice.widget.EventInfo,AndroidX.Slice.Widget.EventInfo
androidx.slice.widget.EventInfo,AndroidX.Slice.Widget.EventInfo
androidx.slice.widget.EventInfo,AndroidX.Slice.Widget.EventInfo
androidx.slice.widget.EventInfo,AndroidX.Slice.Widget.EventInfo
androidx.slice.widget.EventInfo,AndroidX.Slice.Widget.EventInfo
androidx.slice.widget.GridContent,AndroidX.Slice.Widget.GridContent
androidx.slice.widget.RemoteInputView,AndroidX.Slice.Widget.RemoteInputView
androidx.slice.widget.SliceChildView,AndroidX.Slice.Widget.SliceChildView
androidx.slice.widget.SliceChildView,AndroidX.Slice.Widget.SliceChildView
androidx.slice.widget.SliceLiveData,AndroidX.Slice.Widget.SliceLiveData
androidx.slice.widget.SliceLiveData,AndroidX.Slice.Widget.SliceLiveData
androidx.slice.widget.SliceLiveData,AndroidX.Slice.Widget.SliceLiveData
androidx.slice.widget.SliceLiveData,AndroidX.Slice.Widget.SliceLiveData
androidx.slice.widget.SliceLiveData,AndroidX.Slice.Widget.SliceLiveData
androidx.slice.widget.SliceLiveData,AndroidX.Slice.Widget.SliceLiveData
androidx.slice.widget.SliceLiveData,AndroidX.Slice.Widget.SliceLiveData
androidx.slice.widget.SliceView,AndroidX.Slice.Widget.SliceView
androidx.slice.widget.SliceView,AndroidX.Slice.Widget.SliceView
androidx.slice.widget.SliceView,AndroidX.Slice.Widget.SliceView
androidx.slice.widget.SliceView,AndroidX.Slice.Widget.SliceView
androidx.slice.widget.SliceView,AndroidX.Slice.Widget.SliceView
androidx.slice.widget.SliceView,AndroidX.Slice.Widget.SliceView
androidx.slice.widget.SliceView,AndroidX.Slice.Widget.SliceView
androidx.text.emoji.flatbuffer.FlatBufferBuilder,AndroidX.Text.Emoji.FlatBuffer.FlatBufferBuilder
androidx.text.emoji.flatbuffer.FlatBufferBuilder,AndroidX.Text.Emoji.FlatBuffer.FlatBufferBuilder
androidx.text.emoji.flatbuffer.FlatBufferBuilder,AndroidX.Text.Emoji.FlatBuffer.FlatBufferBuilder
androidx.text.emoji.flatbuffer.FlatBufferBuilder,AndroidX.Text.Emoji.FlatBuffer.FlatBufferBuilder
android.support.media.tv.TvContractCompat$Channels,Android.Support.Media.TV.TvContractCompat.Channels
android.support.media.tv.TvContractCompat$Channels,Android.Support.Media.TV.TvContractCompat.Channels
android.support.media.tv.TvContractCompat$Channels,Android.Support.Media.TV.TvContractCompat.Channels
android.support.media.tv.TvContractCompat$Channels,Android.Support.Media.TV.TvContractCompat.Channels
android.support.media.tv.TvContractCompat$Channels,Android.Support.Media.TV.TvContractCompat.Channels
android.support.media.tv.TvContractCompat$Channels,Android.Support.Media.TV.TvContractCompat.Channels
android.support.media.tv.TvContractCompat$Channels,Android.Support.Media.TV.TvContractCompat.Channels
android.support.media.tv.TvContractCompat$Channels,Android.Support.Media.TV.TvContractCompat.Channels
android.support.media.tv.TvContractCompat$Channels,Android.Support.Media.TV.TvContractCompat.Channels
android.support.media.tv.TvContractCompat$Programs,Android.Support.Media.TV.TvContractCompat.Programs
android.support.media.tv.TvContractCompat$Programs$Genres,Android.Support.Media.TV.TvContractCompat.Programs.Genres
android.support.media.tv.TvContractCompat$Programs$Genres,Android.Support.Media.TV.TvContractCompat.Programs.Genres
android.support.wear.widget.BoxInsetLayout$LayoutParams,Android.Support.Wear.Widget.BoxInsetLayout.LayoutParams
android.support.wear.widget.BoxInsetLayout$LayoutParams,Android.Support.Wear.Widget.BoxInsetLayout.LayoutParams
androidx.webkit.ServiceWorkerWebSettingsCompat,AndroidX.WebKit.ServiceWorkerWebSettingsCompat
androidx.webkit.ServiceWorkerWebSettingsCompat,AndroidX.WebKit.ServiceWorkerWebSettingsCompat
androidx.webkit.WebMessagePortCompat,AndroidX.WebKit.WebMessagePortCompat
androidx.webkit.WebMessagePortCompat,AndroidX.WebKit.WebMessagePortCompat
androidx.webkit.WebResourceErrorCompat,AndroidX.WebKit.WebResourceErrorCompat
androidx.webkit.WebResourceErrorCompat,AndroidX.WebKit.WebResourceErrorCompat
androidx.webkit.WebSettingsCompat,AndroidX.WebKit.WebSettingsCompat
androidx.webkit.WebSettingsCompat,AndroidX.WebKit.WebSettingsCompat
androidx.webkit.WebViewClientCompat,AndroidX.WebKit.WebViewClientCompat
androidx.webkit.WebViewClientCompat,AndroidX.WebKit.WebViewClientCompat
androidx.webkit.WebViewCompat,AndroidX.WebKit.WebViewCompat
androidx.webkit.WebViewCompat,AndroidX.WebKit.WebViewCompat
androidx.webkit.WebViewFeature,AndroidX.WebKit.WebViewFeature
androidx.webkit.WebViewFeature,AndroidX.WebKit.WebViewFeature