androidx.appcompat.widget.MenuPopupWindow$MenuDropDownListView,AndroidX.AppCompat.Widget.MenuPopupWindow.MenuDropDownListView
androidx.appcompat.widget.MenuPopupWindow$MenuDropDownListView,AndroidX.AppCompat.Widget.MenuPopupWindow.MenuDropDownListView
androidx.appcompat.widget.MenuPopupWindow$MenuDropDownListView,AndroidX.AppCompat.Widget.MenuPopupWindow.MenuDropDownListView
androidx.appcompat.widget.MenuPopupWindow$MenuDropDownListView,AndroidX.AppCompat.Widget.MenuPopupWindow.MenuDropDownListView
android.support.v4.os.ResultReceiver,Android.Support.V4.OS.ResultReceiver
android.support.v4.os.ResultReceiver,Android.Support.V4.OS.ResultReceiver
androidx.core.provider.FontsContractCompat$FontRequestCallback,AndroidX.Core.Provider.FontsContractCompat.FontRequestCallback
androidx.core.provider.FontsContractCompat$FontRequestCallback,AndroidX.Core.Provider.FontsContractCompat.FontRequestCallback
androidx.core.app.JobIntentService$JobServiceEngineImpl,AndroidX.Core.App.JobIntentService.JobServiceEngineImpl
androidx.core.app.NotificationCompat$Action,AndroidX.Core.App.NotificationCompat.Action
androidx.core.app.NotificationCompat$Action,AndroidX.Core.App.NotificationCompat.Action
androidx.core.app.NotificationCompat$Action,AndroidX.Core.App.NotificationCompat.Action
androidx.core.app.NotificationCompat$Action,AndroidX.Core.App.NotificationCompat.Action
androidx.core.app.NotificationCompat$Action,AndroidX.Core.App.NotificationCompat.Action
androidx.core.app.NotificationCompat$Action,AndroidX.Core.App.NotificationCompat.Action
androidx.core.app.NotificationCompat$CarExtender,AndroidX.Core.App.NotificationCompat.CarExtender
androidx.core.app.NotificationCompat$CarExtender$UnreadConversation,AndroidX.Core.App.NotificationCompat.CarExtender.UnreadConversation
androidx.core.app.NotificationCompat$MessagingStyle,AndroidX.Core.App.NotificationCompat.MessagingStyle
androidx.core.text.PrecomputedTextCompat$Params,AndroidX.Core.Text.PrecomputedTextCompat.Params
androidx.versionedparcelable.VersionedParcel,AndroidX.VersionedParcelable.VersionedParcel
androidx.browser.browseractions.BrowserActionsIntent,AndroidX.Browser.BrowserActions.BrowserActionsIntent
androidx.browser.browseractions.BrowserActionsIntent,AndroidX.Browser.BrowserActions.BrowserActionsIntent
androidx.browser.browseractions.BrowserActionsIntent,AndroidX.Browser.BrowserActions.BrowserActionsIntent
androidx.browser.browseractions.BrowserActionsIntent,AndroidX.Browser.BrowserActions.BrowserActionsIntent
androidx.browser.browseractions.BrowserActionsIntent,AndroidX.Browser.BrowserActions.BrowserActionsIntent
androidx.browser.browseractions.BrowserActionsIntent,AndroidX.Browser.BrowserActions.BrowserActionsIntent
androidx.browser.browseractions.BrowserActionsIntent,AndroidX.Browser.BrowserActions.BrowserActionsIntent
androidx.browser.browseractions.BrowserActionsIntent,AndroidX.Browser.BrowserActions.BrowserActionsIntent
androidx.text.emoji.flatbuffer.FlatBufferBuilder,AndroidX.Text.Emoji.FlatBuffer.FlatBufferBuilder
androidx.text.emoji.flatbuffer.FlatBufferBuilder,AndroidX.Text.Emoji.FlatBuffer.FlatBufferBuilder
androidx.text.emoji.flatbuffer.FlatBufferBuilder,AndroidX.Text.Emoji.FlatBuffer.FlatBufferBuilder
androidx.text.emoji.flatbuffer.FlatBufferBuilder,AndroidX.Text.Emoji.FlatBuffer.FlatBufferBuilder
androidx.heifwriter.HeifEncoder,AndroidX.Heifwriter.HeifEncoder
androidx.heifwriter.HeifEncoder,AndroidX.Heifwriter.HeifEncoder
androidx.heifwriter.HeifEncoder,AndroidX.Heifwriter.HeifEncoder
androidx.heifwriter.HeifEncoder,AndroidX.Heifwriter.HeifEncoder
androidx.heifwriter.HeifEncoder,AndroidX.Heifwriter.HeifEncoder
androidx.heifwriter.HeifWriter,AndroidX.Heifwriter.HeifWriter
androidx.heifwriter.HeifWriter,AndroidX.Heifwriter.HeifWriter
androidx.heifwriter.HeifWriter,AndroidX.Heifwriter.HeifWriter
androidx.heifwriter.HeifWriter,AndroidX.Heifwriter.HeifWriter
androidx.heifwriter.HeifWriter,AndroidX.Heifwriter.HeifWriter
androidx.heifwriter.Texture2dProgram,AndroidX.Heifwriter.Texture2dProgram
androidx.heifwriter.Texture2dProgram,AndroidX.Heifwriter.Texture2dProgram
androidx.leanback.app.BackgroundManager$BitmapDrawable,AndroidX.Leanback.App.BackgroundManager.BitmapDrawable
androidx.leanback.app.BrowseFragment$MainFragmentRowsAdapter,AndroidX.Leanback.App.BrowseFragment.MainFragmentRowsAdapter
androidx.leanback.app.BrowseFragment$MainFragmentRowsAdapter,AndroidX.Leanback.App.BrowseFragment.MainFragmentRowsAdapter
androidx.leanback.app.BrowseFragment$MainFragmentRowsAdapter,AndroidX.Leanback.App.BrowseFragment.MainFragmentRowsAdapter
androidx.leanback.app.BrowseFragment$MainFragmentRowsAdapter,AndroidX.Leanback.App.BrowseFragment.MainFragmentRowsAdapter
androidx.leanback.app.BrowseSupportFragment$MainFragmentRowsAdapter,AndroidX.Leanback.App.BrowseSupportFragment.MainFragmentRowsAdapter
androidx.leanback.app.BrowseSupportFragment$MainFragmentRowsAdapter,AndroidX.Leanback.App.BrowseSupportFragment.MainFragmentRowsAdapter
androidx.leanback.app.BrowseSupportFragment$MainFragmentRowsAdapter,AndroidX.Leanback.App.BrowseSupportFragment.MainFragmentRowsAdapter
androidx.leanback.app.BrowseSupportFragment$MainFragmentRowsAdapter,AndroidX.Leanback.App.BrowseSupportFragment.MainFragmentRowsAdapter
androidx.leanback.widget.FullWidthDetailsOverviewRowPresenter$ViewHolder,AndroidX.Leanback.Widget.FullWidthDetailsOverviewRowPresenter.ViewHolder
androidx.leanback.widget.RowPresenter$ViewHolder,AndroidX.Leanback.Widget.RowPresenter.ViewHolder
androidx.leanback.widget.RowPresenter$ViewHolder,AndroidX.Leanback.Widget.RowPresenter.ViewHolder
androidx.leanback.widget.RowPresenter$ViewHolder,AndroidX.Leanback.Widget.RowPresenter.ViewHolder
androidx.leanback.widget.RowPresenter$ViewHolder,AndroidX.Leanback.Widget.RowPresenter.ViewHolder
android.support.v4.media.MediaBrowserCompat$ConnectionCallback,Android.Support.V4.Media.MediaBrowserCompat.ConnectionCallback
android.support.v4.media.MediaBrowserCompat$ConnectionCallback,Android.Support.V4.Media.MediaBrowserCompat.ConnectionCallback
android.support.v4.media.MediaBrowserCompat$MediaItem,Android.Support.V4.Media.MediaBrowserCompat.MediaItem
android.support.v4.media.MediaBrowserCompat$MediaItem,Android.Support.V4.Media.MediaBrowserCompat.MediaItem
android.support.v4.media.session.MediaSessionCompat$MediaSessionImplBase,Android.Support.V4.Media.Session.MediaSessionCompat.MediaSessionImplBase
android.support.v4.media.session.MediaSessionCompat$MediaSessionImplBase,Android.Support.V4.Media.Session.MediaSessionCompat.MediaSessionImplBase
android.support.v4.media.session.PlaybackStateCompat$CustomAction,Android.Support.V4.Media.Session.PlaybackStateCompat.CustomAction
androidx.media.MediaSessionManager,Android.Support.MediaCompat.MediaSessionManager
androidx.media.MediaSessionManager,Android.Support.MediaCompat.MediaSessionManager
androidx.media.MediaSessionManager,Android.Support.MediaCompat.MediaSessionManager
androidx.media.MediaSessionManager,Android.Support.MediaCompat.MediaSessionManager
androidx.media.MediaSessionManager,Android.Support.MediaCompat.MediaSessionManager
androidx.recyclerview.widget.RecyclerView$EdgeEffectFactory,AndroidX.RecyclerView.Widget.RecyclerView.EdgeEffectFactory
androidx.recyclerview.widget.RecyclerView$EdgeEffectFactory,AndroidX.RecyclerView.Widget.RecyclerView.EdgeEffectFactory
androidx.recyclerview.widget.RecyclerView$ItemAnimator,AndroidX.RecyclerView.Widget.RecyclerView.ItemAnimator
androidx.recyclerview.widget.RecyclerView$ItemAnimator,AndroidX.RecyclerView.Widget.RecyclerView.ItemAnimator
androidx.recyclerview.widget.RecyclerView$ItemAnimator,AndroidX.RecyclerView.Widget.RecyclerView.ItemAnimator
androidx.recyclerview.widget.RecyclerView$ItemAnimator,AndroidX.RecyclerView.Widget.RecyclerView.ItemAnimator
androidx.recyclerview.widget.RecyclerView$ItemAnimator,AndroidX.RecyclerView.Widget.RecyclerView.ItemAnimator
androidx.recyclerview.widget.RecyclerView$ItemAnimator,AndroidX.RecyclerView.Widget.RecyclerView.ItemAnimator
androidx.recyclerview.widget.RecyclerView$ItemAnimator,AndroidX.RecyclerView.Widget.RecyclerView.ItemAnimator
androidx.recyclerview.widget.RecyclerView$ItemAnimator,AndroidX.RecyclerView.Widget.RecyclerView.ItemAnimator
androidx.recyclerview.widget.RecyclerView$ItemAnimator,AndroidX.RecyclerView.Widget.RecyclerView.ItemAnimator
androidx.recyclerview.widget.RecyclerView$LayoutManager,AndroidX.RecyclerView.Widget.RecyclerView.LayoutManager
androidx.recyclerview.widget.RecyclerView$LayoutManager,AndroidX.RecyclerView.Widget.RecyclerView.LayoutManager
androidx.recyclerview.widget.RecyclerView$LayoutManager,AndroidX.RecyclerView.Widget.RecyclerView.LayoutManager
androidx.recyclerview.widget.RecyclerView$RecycledViewPool,AndroidX.RecyclerView.Widget.RecyclerView.RecycledViewPool
androidx.recyclerview.widget.RecyclerView$SmoothScroller,AndroidX.RecyclerView.Widget.RecyclerView.SmoothScroller
androidx.recyclerview.widget.RecyclerView$SmoothScroller,AndroidX.RecyclerView.Widget.RecyclerView.SmoothScroller
androidx.recyclerview.widget.RecyclerView$SmoothScroller,AndroidX.RecyclerView.Widget.RecyclerView.SmoothScroller
androidx.recyclerview.widget.StaggeredGridLayoutManager$LazySpanLookup,AndroidX.RecyclerView.Widget.StaggeredGridLayoutManager.LazySpanLookup
androidx.leanback.preference.LeanbackListPreferenceDialogFragment$ViewHolder,AndroidX.Leanback.Preference.LeanbackListPreferenceDialogFragment.ViewHolder
androidx.leanback.preference.LeanbackListPreferenceDialogFragment$ViewHolder,AndroidX.Leanback.Preference.LeanbackListPreferenceDialogFragment.ViewHolder
androidx.leanback.preference.LeanbackListPreferenceDialogFragment$ViewHolder,AndroidX.Leanback.Preference.LeanbackListPreferenceDialogFragment.ViewHolder
androidx.mediarouter.media.SystemMediaRouteProvider$LegacyImpl,AndroidX.MediaRouter.Media.SystemMediaRouteProvider.LegacyImpl
androidx.mediarouter.media.SystemMediaRouteProvider$LegacyImpl,AndroidX.MediaRouter.Media.SystemMediaRouteProvider.LegacyImpl
androidx.recyclerview.selection.BandPredicate,AndroidX.RecyclerView.Selection.BandPredicate
androidx.recyclerview.selection.BandPredicate,AndroidX.RecyclerView.Selection.BandPredicate
androidx.recyclerview.selection.ItemDetailsLookup,AndroidX.RecyclerView.Selection.ItemDetailsLookup
androidx.recyclerview.selection.ItemDetailsLookup,AndroidX.RecyclerView.Selection.ItemDetailsLookup
androidx.recyclerview.selection.ItemKeyProvider,AndroidX.RecyclerView.Selection.ItemKeyProvider
androidx.recyclerview.selection.ItemKeyProvider,AndroidX.RecyclerView.Selection.ItemKeyProvider
androidx.recyclerview.selection.OperationMonitor,AndroidX.RecyclerView.Selection.OperationMonitor
androidx.recyclerview.selection.OperationMonitor,AndroidX.RecyclerView.Selection.OperationMonitor
androidx.recyclerview.selection.OperationMonitor,AndroidX.RecyclerView.Selection.OperationMonitor
androidx.recyclerview.selection.SelectionTracker,AndroidX.RecyclerView.Selection.SelectionTracker
androidx.recyclerview.selection.SelectionTracker,AndroidX.RecyclerView.Selection.SelectionTracker
androidx.recyclerview.selection.SelectionTracker,AndroidX.RecyclerView.Selection.SelectionTracker
androidx.recyclerview.selection.SelectionTracker,AndroidX.RecyclerView.Selection.SelectionTracker
androidx.recyclerview.selection.SelectionTracker,AndroidX.RecyclerView.Selection.SelectionTracker
androidx.slice.builders.GridRowBuilder,AndroidX.Slice.Builders.GridRowBuilder
androidx.slice.builders.ListBuilder,AndroidX.Slice.Builders.ListBuilder
androidx.slice.builders.ListBuilder,AndroidX.Slice.Builders.ListBuilder
androidx.slice.builders.ListBuilder,AndroidX.Slice.Builders.ListBuilder
androidx.slice.builders.ListBuilder,AndroidX.Slice.Builders.ListBuilder
androidx.slice.builders.ListBuilder,AndroidX.Slice.Builders.ListBuilder
androidx.slice.builders.ListBuilder,AndroidX.Slice.Builders.ListBuilder
androidx.slice.builders.ListBuilder,AndroidX.Slice.Builders.ListBuilder
androidx.slice.builders.ListBuilder,AndroidX.Slice.Builders.ListBuilder
androidx.slice.builders.MessagingSliceBuilder,AndroidX.Slice.Builders.MessagingSliceBuilder
androidx.slice.Slice,AndroidX.Slice.Slice
androidx.slice.Slice,AndroidX.Slice.Slice
androidx.slice.Slice,AndroidX.Slice.Slice
androidx.slice.SliceItem,AndroidX.Slice.SliceItem
androidx.slice.SliceItem,AndroidX.Slice.SliceItem
androidx.slice.SliceItem,AndroidX.Slice.SliceItem
androidx.slice.SliceItem,AndroidX.Slice.SliceItem
androidx.slice.core.SliceHints,AndroidX.Slice.Core.SliceHints
androidx.slice.core.SliceHints,AndroidX.Slice.Core.SliceHints
androidx.slice.compat.CompatPermissionManager,AndroidX.Slice.Compat.CompatPermissionManager
androidx.slice.compat.SliceProviderWrapperContainer,AndroidX.Slice.Compat.SliceProviderWrapperContainer
androidx.slice.SliceMetadata,AndroidX.Slice.SliceMetadata
androidx.slice.SliceMetadata,AndroidX.Slice.SliceMetadata
androidx.slice.SliceUtils,AndroidX.Slice.SliceUtils
androidx.slice.SliceUtils,AndroidX.Slice.SliceUtils
androidx.slice.SliceUtils,AndroidX.Slice.SliceUtils
androidx.slice.SliceUtils,AndroidX.Slice.SliceUtils
androidx.slice.SliceUtils,AndroidX.Slice.SliceUtils
androidx.slice.SliceViewManager,AndroidX.Slice.SliceViewManager
androidx.slice.SliceViewManager,AndroidX.Slice.SliceViewManager
androidx.slice.widget.LargeSliceAdapter,AndroidX.Slice.Widget.LargeSliceAdapter
androidx.slice.widget.LargeSliceAdapter,AndroidX.Slice.Widget.LargeSliceAdapter
androidx.slice.widget.LargeSliceAdapter,AndroidX.Slice.Widget.LargeSliceAdapter
androidx.slice.widget.LargeSliceAdapter,AndroidX.Slice.Widget.LargeSliceAdapter
androidx.slice.widget.EventInfo,AndroidX.Slice.Widget.EventInfo
androidx.slice.widget.EventInfo,AndroidX.Slice.Widget.EventInfo
androidx.slice.widget.EventInfo,AndroidX.Slice.Widget.EventInfo
androidx.slice.widget.EventInfo,AndroidX.Slice.Widget.EventInfo
androidx.slice.widget.EventInfo,AndroidX.Slice.Widget.EventInfo
androidx.slice.widget.EventInfo,AndroidX.Slice.Widget.EventInfo
androidx.slice.widget.GridContent,AndroidX.Slice.Widget.GridContent
androidx.slice.widget.RemoteInputView,AndroidX.Slice.Widget.RemoteInputView
androidx.slice.widget.SliceActionView,AndroidX.Slice.Widget.SliceActionView
androidx.slice.widget.SliceActionView,AndroidX.Slice.Widget.SliceActionView
androidx.slice.widget.SliceActionView,AndroidX.Slice.Widget.SliceActionView
androidx.slice.widget.SliceChildView,AndroidX.Slice.Widget.SliceChildView
androidx.slice.widget.SliceChildView,AndroidX.Slice.Widget.SliceChildView
androidx.slice.widget.SliceLiveData,AndroidX.Slice.Widget.SliceLiveData
androidx.slice.widget.SliceLiveData,AndroidX.Slice.Widget.SliceLiveData
androidx.slice.widget.SliceLiveData,AndroidX.Slice.Widget.SliceLiveData
androidx.slice.widget.SliceLiveData,AndroidX.Slice.Widget.SliceLiveData
androidx.slice.widget.SliceLiveData,AndroidX.Slice.Widget.SliceLiveData
androidx.slice.widget.SliceLiveData,AndroidX.Slice.Widget.SliceLiveData
androidx.slice.widget.SliceLiveData,AndroidX.Slice.Widget.SliceLiveData
androidx.slice.widget.SliceView,AndroidX.Slice.Widget.SliceView
androidx.slice.widget.SliceView,AndroidX.Slice.Widget.SliceView
androidx.slice.widget.SliceView,AndroidX.Slice.Widget.SliceView
androidx.slice.widget.SliceView,AndroidX.Slice.Widget.SliceView
androidx.slice.widget.SliceView,AndroidX.Slice.Widget.SliceView
androidx.slice.widget.SliceView,AndroidX.Slice.Widget.SliceView
androidx.slice.widget.SliceView,AndroidX.Slice.Widget.SliceView
androidx.tvprovider.media.tv.TvContractCompat$Channels,AndroidX.TvProvider.Media.TV.TvContractCompat.Channels
androidx.tvprovider.media.tv.TvContractCompat$Channels,AndroidX.TvProvider.Media.TV.TvContractCompat.Channels
androidx.tvprovider.media.tv.TvContractCompat$Channels,AndroidX.TvProvider.Media.TV.TvContractCompat.Channels
androidx.tvprovider.media.tv.TvContractCompat$Channels,AndroidX.TvProvider.Media.TV.TvContractCompat.Channels
androidx.tvprovider.media.tv.TvContractCompat$Channels,AndroidX.TvProvider.Media.TV.TvContractCompat.Channels
androidx.tvprovider.media.tv.TvContractCompat$Channels,AndroidX.TvProvider.Media.TV.TvContractCompat.Channels
androidx.tvprovider.media.tv.TvContractCompat$Channels,AndroidX.TvProvider.Media.TV.TvContractCompat.Channels
androidx.tvprovider.media.tv.TvContractCompat$Channels,AndroidX.TvProvider.Media.TV.TvContractCompat.Channels
androidx.tvprovider.media.tv.TvContractCompat$Channels,AndroidX.TvProvider.Media.TV.TvContractCompat.Channels
androidx.tvprovider.media.tv.TvContractCompat$Programs,AndroidX.TvProvider.Media.TV.TvContractCompat.Programs
androidx.tvprovider.media.tv.TvContractCompat$Programs$Genres,AndroidX.TvProvider.Media.TV.TvContractCompat.Programs.Genres
androidx.tvprovider.media.tv.TvContractCompat$Programs$Genres,AndroidX.TvProvider.Media.TV.TvContractCompat.Programs.Genres
androidx.wear.widget.BoxInsetLayout$LayoutParams,AndroidX.Wear.Widget.BoxInsetLayout.LayoutParams
androidx.wear.widget.BoxInsetLayout$LayoutParams,AndroidX.Wear.Widget.BoxInsetLayout.LayoutParams
androidx.webkit.ServiceWorkerWebSettingsCompat,AndroidX.WebKit.ServiceWorkerWebSettingsCompat
androidx.webkit.ServiceWorkerWebSettingsCompat,AndroidX.WebKit.ServiceWorkerWebSettingsCompat
androidx.webkit.WebMessagePortCompat,AndroidX.WebKit.WebMessagePortCompat
androidx.webkit.WebMessagePortCompat,AndroidX.WebKit.WebMessagePortCompat
androidx.webkit.WebResourceErrorCompat,AndroidX.WebKit.WebResourceErrorCompat
androidx.webkit.WebResourceErrorCompat,AndroidX.WebKit.WebResourceErrorCompat
androidx.webkit.WebSettingsCompat,AndroidX.WebKit.WebSettingsCompat
androidx.webkit.WebSettingsCompat,AndroidX.WebKit.WebSettingsCompat
androidx.webkit.WebViewClientCompat,AndroidX.WebKit.WebViewClientCompat
androidx.webkit.WebViewClientCompat,AndroidX.WebKit.WebViewClientCompat
androidx.webkit.WebViewCompat,AndroidX.WebKit.WebViewCompat
androidx.webkit.WebViewCompat,AndroidX.WebKit.WebViewCompat
androidx.webkit.WebViewFeature,AndroidX.WebKit.WebViewFeature
androidx.webkit.WebViewFeature,AndroidX.WebKit.WebViewFeature
com.google.android.material.snackbar.BaseTransientBottomBar$BaseCallback,Xamarin.Google.Android.Material.Snackbar.BaseTransientBottomBar.BaseCallback
com.google.android.material.snackbar.BaseTransientBottomBar$BaseCallback,Xamarin.Google.Android.Material.Snackbar.BaseTransientBottomBar.BaseCallback
com.google.android.material.appbar.AppBarLayout$BaseBehavior,Xamarin.Google.Android.Material.AppBar.AppBarLayout.BaseBehavior
com.google.android.material.appbar.AppBarLayout$BaseBehavior,Xamarin.Google.Android.Material.AppBar.AppBarLayout.BaseBehavior
com.google.android.material.appbar.AppBarLayout$BaseBehavior,Xamarin.Google.Android.Material.AppBar.AppBarLayout.BaseBehavior
com.google.android.material.appbar.AppBarLayout$Behavior,Xamarin.Google.Android.Material.AppBar.AppBarLayout.Behavior
com.google.android.material.appbar.AppBarLayout$Behavior,Xamarin.Google.Android.Material.AppBar.AppBarLayout.Behavior
com.google.android.material.appbar.AppBarLayout$LayoutParams,Xamarin.Google.Android.Material.AppBar.AppBarLayout.LayoutParams
com.google.android.material.appbar.AppBarLayout$LayoutParams,Xamarin.Google.Android.Material.AppBar.AppBarLayout.LayoutParams